distance_km,delivery_time_min
56.81,28.97
142.66,66.82
110.07,54.21
90.2,42.48
24.25,14.25
24.24,12.31
9.65,15.24
130.06,63.63
90.57,43.66
106.5,53.57
4.07,6.49
145.52,69.82
125.03,63.11
32.64,21.96
28.09,16.05
28.33,16.02
46.33,25.02
79.19,33.73
65.36,29.87
44.39,29.08
92.17,51.41
21.78,14.05
44.53,26.77
55.59,30.95
68.95,45.26
117.99,61.45
30.75,18.45
77.62,37.06
89.27,40.35
7.92,9.17
91.52,43.91
26.41,12.62
10.69,7.87
142.38,65.83
144.88,75.26
121.45,62.3
46.39,25.85
15.55,16.44
102.95,51.56
66.58,32.38
19.18,18.2
74.78,40.27
6.12,4.64
136.49,65.85
39.56,20.18
99.72,45.73
47.44,29.13
78.49,46.05
82.46,37.91
28.54,19.53
145.47,68.51
116.49,55.96
140.99,66.67
134.33,62.86
90.09,45.69
138.36,64.77
14.19,12.2
30.2,18.44
7.74,7.77
49.47,24.54
58.91,29.78
41.43,25.91
124.48,62.52
54.16,26.44
42.86,24.58
81.86,44.09
22.0,9.89
120.53,60.87
12.11,8.46
148.05,73.33
116.06,54.94
30.61,13.36
1.82,2.0
122.5,60.27
106.32,53.62
109.62,51.62
115.92,59.08
12.03,5.43
54.41,29.29
18.26,9.58
129.6,61.36
93.87,47.38
50.3,25.05
10.47,8.56
47.34,29.32
49.45,25.52
109.71,56.88
96.0,44.81
133.19,66.52
71.36,41.44
18.82,6.05
107.27,50.88
114.36,58.19
84.63,42.47
115.87,58.25
74.58,36.75
78.89,40.76
64.7,33.65
4.79,10.66
17.08,13.45
5.68,8.57
95.83,46.89
47.84,25.07
76.78,38.25
136.23,67.49
38.14,20.9
62.15,33.84
113.58,62.34
35.09,23.4
12.47,9.63
44.17,28.48
25.02,15.03
139.52,61.67
121.41,56.61
95.38,42.31
130.85,62.83
120.75,59.39
28.8,22.99
133.99,66.28
81.36,40.95
121.31,62.08
134.52,58.9
48.38,27.48
17.4,15.14
34.96,16.3
64.64,37.52
122.88,61.31
129.25,61.92
2.04,7.82
77.1,46.51
63.19,33.98
34.09,21.09
18.86,12.11
51.3,25.54
141.49,71.16
49.16,24.55
78.3,40.45
105.75,51.15
55.18,31.27
145.8,71.61
144.4,73.09
38.52,20.8
75.09,37.98
45.83,22.69
43.44,23.22
6.5,9.06
91.83,48.59
75.9,36.39
8.67,11.51
42.52,28.2
136.33,67.59
36.69,27.14
22.59,12.84
73.93,34.53
147.86,66.2
37.07,26.17
101.15,52.48
114.48,56.35
36.41,22.22
109.5,50.9
55.8,37.45
95.21,48.23
95.4,48.26
80.83,43.55
14.45,12.95
125.46,62.13
48.8,24.59
28.79,19.37
7.08,13.83
89.04,49.1
101.96,55.66
3.47,5.03
77.3,36.82
34.75,20.26
97.13,48.88
26.98,20.42
103.95,46.7
58.62,35.97
140.57,67.78
21.49,13.39
51.82,25.28
17.91,8.09
138.78,69.92
131.72,64.49
39.43,18.87
99.34,45.82
122.77,59.24
83.72,47.68
79.92,40.19
37.04,17.16
14.87,10.95
134.69,64.79
135.16,57.73
95.33,47.74
51.52,27.49
53.03,30.95
109.17,59.67
134.67,68.98
133.18,64.12
117.2,54.42
96.66,56.22
13.54,11.27
25.08,16.33
134.88,65.62
91.36,46.71
2.37,5.63
16.12,10.53
99.86,48.3
1.75,5.69
24.96,14.6
82.76,40.1
104.09,52.16
98.14,48.4
34.42,25.0
107.11,45.25
36.35,24.63
49.48,31.0
112.23,49.28
97.8,47.98
127.53,61.27
98.98,45.32
85.68,41.22
14.96,8.4
55.79,35.36
40.52,26.04
37.35,25.62
145.98,72.86
59.57,28.42
133.91,63.69
95.04,49.24
119.43,55.08
75.89,41.29
86.96,43.41
74.39,37.35
30.09,20.67
108.65,55.23
42.84,23.2
4.62,10.56
97.18,45.49
27.39,19.17
141.13,70.29
143.14,68.48
137.31,67.77
56.15,26.51
3.3,9.26
139.32,67.14
64.8,32.59
145.03,73.41
144.58,67.95
128.1,58.42
44.87,20.52
58.38,33.09
127.82,58.68
48.22,31.96
26.25,10.57
83.96,47.87
140.49,68.85
104.71,51.83
85.94,42.04
15.48,13.16
92.64,46.58
148.52,75.14
21.87,15.18
78.23,40.65
131.73,63.19
111.37,54.95
104.86,53.11
105.67,47.42
54.56,25.51
44.75,27.37
121.59,60.23
121.71,59.22
130.19,63.64
137.07,67.72
77.19,38.12
75.73,36.74
119.95,59.57
97.84,46.09
105.59,53.74
119.57,53.7
133.61,68.21
51.36,29.53
56.96,31.4
15.0,14.7
87.16,49.22
6.36,10.91
70.37,31.14
81.85,37.99
43.69,22.79
89.03,45.14
5.54,9.05
6.56,5.77
123.57,61.17
54.67,27.34
19.93,12.13
78.81,36.24
115.73,54.31
33.16,15.87
93.81,44.29
13.72,14.33
8.7,6.07
80.17,48.97
81.55,43.18
95.98,48.75
109.19,51.56
146.4,72.98
77.93,38.34
49.12,27.47
119.48,66.45
41.35,23.32
66.41,38.33
12.69,8.6
4.78,7.05
144.43,75.31
125.56,59.62
104.7,57.55
61.93,34.99
26.82,15.38
24.31,17.84
38.29,25.15
82.83,44.14
107.47,48.65
99.37,47.54
42.71,23.48
143.27,69.25
110.95,56.79
83.6,43.15
92.15,42.46
63.52,34.72
37.91,23.89
54.04,31.0
113.92,59.51
3.14,8.91
18.29,14.61
7.85,8.32
7.07,3.2
128.46,64.1
105.85,53.26
71.65,38.06
15.58,8.18
74.25,35.17
71.55,40.36
26.81,16.95
65.64,36.58
60.38,32.26
92.76,46.83
95.63,50.85
7.75,6.94
56.82,30.86
94.25,46.03
75.97,37.88
128.62,61.95
99.15,50.28
25.28,14.94
11.51,13.95
96.72,45.84
4.95,6.67
88.28,43.41
141.09,72.83
86.75,44.63
58.84,34.57
96.85,44.13
69.28,36.98
82.3,44.7
141.28,68.82
58.53,34.53
144.22,68.35
135.9,70.38
30.17,25.47
11.33,9.01
16.02,10.87
3.72,11.03
15.07,16.52
102.77,49.68
11.61,8.96
48.53,25.99
126.89,58.07
4.47,4.26
122.36,57.05
43.0,22.05
18.61,13.27
104.81,52.87
94.71,52.27
131.74,61.29
110.53,57.69
120.72,58.68
43.02,24.21
27.44,19.37
112.84,52.41
121.22,60.7
148.59,72.36
62.48,34.59
56.43,31.26
116.69,64.88
51.78,26.39
139.68,66.26
128.9,61.14
64.92,32.55
112.88,53.88
113.43,59.61
16.37,16.63
135.48,64.25
76.28,36.83
124.14,62.28
48.69,25.25
134.43,67.39
58.99,32.15
2.61,2.0
135.9,70.8
14.6,16.96
48.58,25.02
142.56,67.99
142.64,70.05
86.44,44.9
95.14,49.79
67.82,41.55
44.69,24.58
49.97,25.09
101.21,46.41
113.1,53.7
118.95,58.43
118.65,63.78
14.59,10.01
74.67,39.27
9.58,9.26
82.88,45.86
66.79,42.64
133.27,63.38
53.29,27.51
18.44,16.43
22.31,17.09
114.47,62.05
93.11,48.65
16.07,11.15
13.53,12.86
105.44,55.77
11.84,12.79
123.46,62.08
106.23,56.0
13.12,14.41
13.64,15.28
148.01,73.55
56.77,30.05
56.23,30.74
122.11,63.57
142.14,66.51
147.91,72.67
113.25,54.78
57.06,30.76
13.44,14.88
116.79,58.13
84.2,43.03
64.21,29.81
136.05,68.46
17.57,14.84
74.4,44.97
2.69,5.29
70.83,37.53
9.39,9.97
18.7,18.15
18.51,13.04
97.73,49.82
112.16,57.3
87.92,45.12
144.36,68.62
56.86,31.17
43.57,27.83
130.42,60.61
34.32,20.84
144.52,67.93
2.81,9.85
145.51,65.91
7.43,6.67
133.78,66.33
79.63,45.53
148.95,71.83
12.0,8.73
83.52,48.23
145.43,66.1
78.94,33.93
94.78,48.97
104.67,50.6
68.73,32.86
94.51,49.65
88.06,45.36
135.27,64.18
7.77,4.66
42.86,26.9
142.61,71.13
133.65,64.84
68.89,41.54
93.4,43.82
42.33,19.47
29.03,15.99
70.09,36.4
53.65,29.87
87.96,43.86
12.58,11.72
146.18,67.03
147.95,75.91
105.03,52.02
80.88,44.75
47.12,27.23
122.26,61.39
103.02,53.07
25.23,17.7
136.73,68.46
123.56,64.59
142.52,69.72
109.13,56.24
92.4,46.31
63.32,37.81
139.98,65.96
130.04,68.92
7.74,8.36
4.93,2.93
57.09,31.07
121.77,57.75
148.1,74.17
23.41,13.58
89.53,43.95
57.75,25.32
145.52,69.13
126.48,54.64
125.91,56.91
70.84,39.16
62.81,35.62
41.74,25.06
9.4,6.33
129.84,63.28
122.12,59.94
149.96,69.01
149.5,76.79
83.76,45.32
115.58,56.35
141.77,68.88
127.6,63.05
37.85,15.91
68.13,34.92
20.24,12.06
143.15,66.41
91.32,45.25
35.07,26.17
101.08,52.41
93.1,45.18
54.37,31.18
17.92,17.26
101.06,53.25
78.53,40.52
116.08,55.3
78.5,42.42
127.98,63.77
83.23,45.14
84.58,44.97
131.62,67.38
61.12,30.9
20.97,18.39
5.29,7.97
113.52,62.31
93.43,44.98
105.91,57.87
32.73,20.32
21.32,12.64
3.17,4.97
53.24,28.0
88.9,46.28
59.44,33.32
66.18,33.06
135.72,66.0
52.89,35.23
77.58,45.09
117.76,59.3
60.08,32.15
93.69,47.52
129.49,65.11
142.48,66.05
22.91,14.54
139.06,62.57
74.33,39.65
39.48,24.71
69.41,34.78
147.02,75.88
74.4,34.8
49.98,23.1
95.38,48.59
36.78,24.69
12.3,15.59
20.2,12.71
20.08,17.27
23.63,15.52
21.69,14.24
96.49,51.07
28.1,19.6
52.5,23.9
134.62,70.01
71.62,41.37
100.47,48.33
26.68,18.19
29.65,19.82
7.09,8.97
