income_usd,loan_amount_usd,credit_score,months_employed,high_risk
2804.36,29395.67,606,29.9,1
3029.86,6630.96,822,145.5,0
5834.51,39339.15,411,86.4,1
4154.31,37688.69,762,78.0,1
1721.22,15559.09,720,173.5,0
4257.88,18469.99,666,35.6,1
570.34,16976.62,508,272.7,0
4595.08,20659.74,776,97.3,1
2219.86,11473.12,833,22.2,0
4236.97,7249.57,511,69.9,1
5754.55,37636.56,529,108.8,1
5939.97,27168.34,704,121.0,0
3552.64,39448.76,588,3.7,1
884.02,28231.44,413,56.4,0
839.74,13665.11,789,160.3,0
1991.91,32239.93,671,80.5,0
1018.35,10489.34,542,106.9,0
2083.23,39953.01,526,202.5,0
5370.81,15985.1,646,223.8,1
2190.91,17239.7,469,161.4,1
2311.66,27965.97,640,125.9,0
5070.63,12886.68,364,127.6,1
4685.16,18345.02,515,89.0,0
2274.53,14599.76,744,297.2,0
3263.04,1927.52,376,38.3,0
3580.61,23922.22,685,240.0,0
4475.87,23451.55,692,89.6,1
1236.7,14621.35,707,258.6,0
4644.12,15464.24,317,280.6,1
1033.93,2484.47,754,187.2,0
3729.11,13042.48,443,250.8,0
5698.63,29734.96,395,258.5,1
1442.95,20146.18,357,96.7,1
4760.1,8217.17,628,27.7,0
2652.65,6166.33,694,288.2,0
1781.57,19807.16,650,221.4,1
3325.29,19412.19,807,261.9,0
1548.04,18945.91,512,2.5,1
2948.64,24009.42,356,232.4,1
3722.69,14612.48,460,232.5,0
4739.34,16386.23,408,222.7,1
4976.85,13823.81,696,298.6,1
5386.11,25289.89,725,278.0,0
3173.69,2332.13,564,266.9,0
5529.64,28445.98,444,109.2,1
5428.8,32293.62,550,52.4,1
3187.88,15264.24,668,133.8,0
1102.38,2158.42,393,4.3,1
2505.64,28428.64,588,182.9,0
4601.95,25747.04,430,98.9,0
3582.29,30386.48,721,1.6,1
1529.91,6458.15,589,282.6,0
5236.36,23298.35,567,126.4,1
4052.53,16035.45,583,258.4,0
1206.59,3428.11,489,165.1,1
5010.6,25763.4,769,114.6,0
3330.49,20710.81,312,64.9,1
2466.48,32386.07,447,215.5,1
3380.16,14721.37,472,59.1,1
3471.19,16934.14,399,280.6,0
5879.3,11132.43,677,250.1,0
4265.18,20026.86,314,164.4,1
2005.17,19532.97,635,218.9,0
2793.76,3779.08,707,69.3,0
1115.37,38396.33,451,147.8,1
2452.18,33101.23,451,223.2,1
4940.54,34123.46,550,79.5,1
2723.48,20081.13,486,118.4,0
4952.9,15737.61,448,283.6,1
2231.99,29252.98,655,131.5,0
3926.54,39526.73,450,35.7,1
904.38,30464.04,682,102.1,1
1234.85,4559.36,502,65.5,0
2748.42,32226.94,763,0.5,0
5542.22,18733.88,821,288.5,0
4415.94,1486.05,706,123.6,1
1711.97,10919.4,492,136.0,0
2136.4,36318.01,631,11.2,1
746.69,20006.24,727,108.5,0
4027.71,30114.39,498,27.8,1
5709.78,18203.93,600,18.1,1
4032.41,1306.42,368,167.6,1
4655.0,24610.86,567,270.1,0
2588.74,12026.28,526,75.8,0
4790.34,6418.85,452,159.2,0
3193.15,27758.1,424,127.2,1
4406.43,24851.39,365,189.3,1
1922.74,10644.35,348,276.0,0
4375.97,2839.61,311,46.3,1
1785.5,32795.03,362,180.6,1
2346.87,28206.9,835,262.6,0
2064.45,5987.62,395,177.7,1
2908.58,31516.54,513,98.3,1
1685.07,16037.68,844,19.8,0
3822.73,31613.98,521,161.9,1
4050.93,34443.53,776,155.2,0
1752.57,7117.73,445,117.7,0
4744.45,19771.73,826,102.3,0
4152.57,30960.07,543,24.1,0
5770.3,38320.26,665,104.9,0
5260.84,26873.41,476,168.1,1
5706.62,26529.96,413,286.8,1
5570.48,38276.15,408,251.6,1
5483.64,5940.21,430,100.4,0
5910.5,25005.15,601,255.3,0
5754.68,28661.26,609,128.7,1
2461.02,16017.11,684,92.8,0
1228.61,23879.18,519,142.4,0
5616.25,18526.88,374,102.2,1
2220.06,3728.64,641,91.2,0
5260.13,15986.43,361,244.1,0
5975.56,1068.48,819,172.3,0
3916.57,28947.19,718,292.0,0
2075.7,35831.18,615,197.2,0
4152.14,7966.32,360,291.4,0
5147.2,35691.0,558,158.4,1
1436.39,10636.34,384,171.0,1
5323.85,2032.17,838,297.0,0
4453.11,13436.81,529,260.6,0
5577.57,18226.21,661,89.6,0
2402.12,33741.42,363,114.0,1
5507.01,23467.94,535,230.2,1
1512.94,4272.72,390,160.0,0
4493.89,9221.05,617,11.9,1
5620.11,29275.32,839,294.8,0
3537.37,20185.99,539,154.3,0
1328.3,24677.74,689,66.5,0
5788.07,6583.69,348,207.6,0
3729.81,23620.79,437,243.3,1
2014.45,13467.46,368,103.8,1
5558.02,2853.3,398,213.2,1
5045.83,15540.62,389,79.6,1
5660.93,24087.21,654,239.8,0
4059.04,23569.76,554,141.1,0
1703.39,12949.98,617,91.0,0
3790.59,18760.75,636,4.0,1
3294.46,13789.27,484,102.1,1
3292.16,19374.51,768,23.3,0
578.93,31725.94,586,114.5,1
1915.07,25804.09,780,171.8,0
1981.37,18340.96,735,210.2,0
984.25,7983.35,686,117.0,0
2582.93,9864.23,578,179.7,0
2968.24,30489.18,758,147.2,1
4272.97,12229.82,675,229.9,0
3358.07,28230.87,710,176.3,1
2995.75,6752.53,334,131.4,0
1304.14,6514.96,518,191.6,0
1798.24,33900.64,661,87.3,1
2261.59,26532.41,339,272.6,1
1316.72,6701.8,578,271.0,0
1914.57,36386.98,596,70.0,0
2723.08,34169.61,442,211.8,1
1768.43,22554.26,460,39.2,0
1903.43,15416.9,700,190.9,0
4810.24,9671.1,344,299.0,1
2494.91,14222.58,305,200.1,1
2603.23,28151.59,812,157.8,0
4801.62,8941.27,691,103.4,1
4725.31,30383.44,606,297.3,1
4440.12,38932.27,724,113.3,0
3697.03,29427.0,446,115.0,1
848.04,4028.77,676,149.7,0
5230.11,10875.13,627,228.0,1
3948.15,5621.49,464,32.1,1
5671.85,23865.22,460,80.7,1
1496.01,10775.79,567,173.4,0
1143.27,12802.14,348,56.3,0
5461.7,2118.51,694,158.3,0
2234.28,25972.94,803,194.1,0
5778.78,27832.05,798,71.6,0
4659.5,22835.72,623,82.1,1
1737.29,5165.6,416,194.8,0
3946.23,28341.89,304,129.4,0
2377.4,37213.99,599,112.3,1
5012.12,36299.36,436,278.7,1
4038.01,38725.32,458,187.3,1
4511.57,35054.76,665,66.4,1
2074.54,28641.55,367,65.8,1
620.95,7868.16,631,177.8,0
2772.31,39927.08,710,171.5,0
4443.08,9554.93,318,52.6,1
5518.22,16003.58,608,30.9,1
2194.02,37656.67,696,87.7,1
3024.14,39781.28,538,272.8,0
5348.83,13091.89,465,237.5,1
1880.87,37609.25,386,269.9,1
4246.27,7327.12,825,198.8,0
5358.49,10159.46,524,243.1,0
3967.04,3390.67,407,293.3,0
1136.11,27862.66,327,237.1,1
4087.57,3841.98,428,77.4,1
728.78,22609.57,755,17.5,1
2049.65,18087.79,401,237.1,1
5363.94,13003.47,668,284.4,0
4428.53,29406.3,804,96.0,0
1683.1,25980.32,511,191.6,1
4304.25,14838.15,591,66.3,1
3654.79,9323.37,385,190.8,0
4949.62,33528.83,425,21.4,1
4196.61,26295.43,512,38.8,1
5040.14,39309.66,675,248.7,1
4512.99,8558.49,566,184.6,0
954.68,38634.44,767,215.8,0
3106.57,38041.52,711,111.1,0
836.62,36808.68,612,259.9,1
2071.99,17519.42,538,89.0,0
2045.04,31574.66,607,41.2,1
3074.9,19949.0,538,49.3,1
2310.92,32975.12,557,42.1,0
1777.55,11280.38,467,209.6,0
5229.94,30703.69,394,298.0,1
798.48,7297.78,830,158.5,0
3046.05,12430.84,326,80.3,0
4042.45,17652.27,327,7.1,1
1547.51,6842.58,360,235.2,0
3016.09,11754.29,519,54.0,1
2380.85,28891.7,580,210.1,0
5243.06,28750.43,467,82.0,1
777.94,33625.79,709,232.8,0
834.22,36420.44,498,187.7,1
3087.54,11005.71,367,132.0,1
4393.38,30005.19,535,79.2,1
5303.04,7092.95,544,176.7,1
3289.41,27380.47,579,208.2,1
5806.26,1718.81,463,10.7,1
4189.61,2444.2,526,91.9,0
5739.96,33612.51,491,227.1,1
5203.29,29192.65,399,80.3,1
5424.76,12657.57,496,218.1,1
668.88,30206.22,654,122.0,0
5341.97,13204.29,836,205.4,0
4116.79,22785.12,570,276.9,0
1284.94,31193.27,567,50.1,1
959.98,8466.82,453,277.3,0
1147.97,15165.39,520,267.0,0
3191.32,14765.4,793,152.9,0
872.62,27240.7,409,13.6,1
2792.71,9438.7,556,242.5,1
1392.87,25136.61,819,177.2,0
742.98,30419.37,687,94.0,1
1099.32,10004.8,635,12.7,0
983.7,15230.16,600,116.0,0
5453.16,2722.18,308,22.1,1
4123.77,21947.13,607,134.4,1
4012.34,20674.83,493,19.5,0
5890.29,27747.39,382,199.0,1
3572.27,22120.05,523,187.0,1
5632.92,34694.64,567,69.5,1
4092.52,33961.71,695,189.0,1
2960.65,5543.43,630,52.5,0
4345.5,24022.69,434,38.3,1
2874.53,27684.5,630,107.7,0
1558.47,19061.61,569,54.3,0
804.22,11736.78,526,139.7,0
5581.28,6865.78,639,170.1,0
2518.39,30336.43,546,139.0,0
5107.39,1653.54,662,161.7,0
2887.08,21511.2,809,254.3,0
869.03,39759.56,604,296.6,0
3560.1,29097.89,650,22.0,0
986.6,7486.36,453,183.8,0
4493.01,34096.78,483,6.4,1
2654.87,26612.71,367,156.4,1
4897.32,31499.53,636,120.5,0
1069.62,11429.66,463,2.6,1
645.43,37757.68,423,280.1,0
1176.55,27458.03,822,117.5,0
5680.94,10161.01,491,152.6,0
2009.64,14495.76,440,229.2,0
3738.65,7907.22,452,177.0,0
2646.3,1378.93,652,258.5,0
1689.04,3891.25,582,19.3,1
1374.84,6952.85,613,8.5,0
3766.52,34960.99,475,55.2,1
3052.03,24760.01,822,188.3,0
5776.54,18332.53,478,185.9,1
5062.14,21263.69,341,54.9,1
5009.16,37759.45,629,16.6,1
863.77,16269.45,805,161.1,0
2983.6,16652.88,403,270.8,1
518.13,7885.77,385,55.5,1
5168.46,6768.85,309,128.5,1
1908.43,1903.0,791,250.8,0
2857.36,22603.58,593,244.7,0
1798.67,23195.41,716,185.2,0
984.29,21560.76,845,224.1,0
5772.34,29811.01,734,129.7,0
3615.94,6768.72,649,224.9,0
3027.29,23522.43,456,39.0,1
4769.02,37842.4,344,34.5,1
3190.63,24642.81,472,166.7,1
5157.7,31318.63,319,242.8,1
4956.58,20774.81,766,272.8,0
626.38,5274.14,714,138.0,0
3191.29,39416.76,671,163.2,0
699.37,14588.89,613,297.3,0
2628.3,7772.88,642,270.6,0
2534.59,23314.22,566,149.3,0
4893.63,5687.75,338,93.5,1
1760.75,15516.37,842,79.2,1
3732.97,22314.52,403,103.6,0
3065.05,1300.81,324,16.2,0
5044.68,35589.55,583,42.3,1
4967.52,10419.22,365,151.8,1
864.42,23366.16,507,130.6,0
4887.71,27258.52,757,88.8,1
1321.61,16864.2,530,145.3,0
4126.45,36445.01,436,94.2,1
865.97,31386.85,587,291.8,0
943.01,26838.46,401,32.7,1
5654.9,23963.69,490,83.6,1
5231.05,32154.39,826,253.2,1
3009.48,4586.69,423,123.7,1
1646.6,35291.58,746,73.7,0
1734.05,13713.14,806,247.9,0
2097.44,2932.51,846,267.3,0
2431.34,15253.93,300,35.4,1
876.96,14168.04,301,279.2,1
2289.71,39998.3,374,113.7,1
769.66,12241.3,629,246.2,0
802.31,14412.9,590,250.6,0
5271.95,33485.36,763,91.5,1
4238.35,32613.38,335,148.6,1
4690.03,18983.62,550,104.4,1
4247.48,35017.7,734,146.9,1
2232.57,1583.18,654,78.3,1
4161.04,29256.31,488,88.4,1
5344.42,4104.2,410,18.4,1
5596.76,7675.3,526,35.4,1
2759.68,38495.07,385,240.9,1
5350.72,39505.98,390,134.0,0
4595.88,25807.74,751,81.4,0
1678.43,18481.86,331,24.1,1
3598.3,35034.64,764,164.8,1
2049.45,17158.12,375,206.6,1
1646.88,22477.54,392,83.9,1
3236.03,5285.89,351,109.8,1
3951.14,21182.77,479,178.9,1
641.16,6244.19,602,193.0,0
2205.96,13473.57,542,43.3,1
2626.68,10619.44,783,137.6,0
1753.89,29556.23,650,157.3,0
4443.91,26340.54,494,121.7,1
1739.15,33616.06,544,217.4,0
3746.78,35695.19,420,185.8,1
5053.78,5295.09,684,160.9,0
5602.06,39605.63,589,168.4,1
1466.45,34206.51,646,271.4,0
1749.71,14738.93,317,74.2,0
1997.16,23265.01,780,248.5,0
2377.1,3863.77,791,136.5,0
2047.64,9265.78,697,99.0,0
4369.75,13337.23,346,223.3,0
3094.09,20891.28,490,255.3,0
779.06,4493.42,450,178.9,0
1610.55,39601.48,532,278.4,0
1872.35,36278.33,356,74.6,1
4746.82,16156.96,425,19.7,1
1221.0,33081.45,546,174.2,1
1020.18,20689.53,776,137.5,0
3992.08,10466.89,760,21.2,0
967.89,22353.16,658,251.6,0
4365.39,6262.73,312,262.4,1
1483.44,25787.65,573,146.8,0
3977.94,33829.73,812,95.8,0
2414.6,2658.36,435,21.0,0
925.08,4273.62,319,259.3,1
4342.51,10995.62,480,284.7,0
517.43,7344.01,543,204.4,0
4642.86,4592.75,827,119.9,0
5469.24,30397.52,842,55.5,1
1654.4,10428.47,345,119.3,0
3157.32,30246.62,643,44.2,0
4456.61,12357.38,519,280.3,0
2155.21,18338.85,686,20.4,1
3788.43,29770.1,794,9.1,1
664.05,36586.73,714,6.7,1
2267.88,18923.1,549,169.8,0
2115.26,14563.73,320,144.8,1
4185.6,26696.36,808,107.7,0
3936.59,10653.86,814,94.1,0
4257.52,10213.05,653,64.3,1
5328.79,6786.76,787,150.2,0
5647.17,12094.82,481,15.6,1
1072.16,22845.79,492,277.9,1
4007.38,25691.08,831,267.3,0
2369.86,37370.47,484,109.4,1
2247.81,12226.79,549,224.7,0
5046.07,30184.93,478,92.0,1
3408.72,25567.02,418,52.4,1
2937.88,37957.74,540,27.3,1
1556.72,38617.73,714,157.4,1
4571.06,19358.2,706,21.9,0
5271.73,16805.52,325,249.0,1
4167.74,33696.56,480,235.0,1
4466.08,1862.69,743,285.5,0
1102.23,29729.39,757,283.1,0
2239.68,33793.77,479,123.6,1
3078.98,35702.45,740,242.3,1
4797.02,1781.15,696,192.1,0
1039.64,24877.08,492,60.6,1
1639.62,16807.89,592,156.4,0
5734.35,3693.95,394,78.3,1
1285.96,32050.47,316,42.4,1
4528.69,17023.46,422,227.7,0
2756.51,23433.85,616,189.3,0
5321.64,15236.24,727,104.1,0
876.63,12662.86,802,182.9,0
4550.03,32343.38,789,65.2,1
5724.94,33251.55,325,159.7,1
4355.07,6740.35,772,104.1,0
2501.11,20781.15,357,27.3,1
5819.0,6493.97,345,254.3,1
4913.93,5616.59,471,282.0,1
4231.31,5915.8,460,112.1,1
1971.94,31742.92,764,84.1,0
4643.04,31604.38,510,26.4,1
5485.79,18413.85,460,147.2,1
4012.95,7997.93,596,224.7,0
2609.42,1979.37,818,79.0,0
5891.2,4035.26,454,291.7,0
822.53,36745.53,755,188.0,0
2269.81,13754.72,700,278.9,0
5791.75,5653.75,558,276.4,0
3905.76,37161.96,709,198.1,1
1037.2,37078.7,573,68.8,0
3587.04,17924.33,685,193.1,0
5990.39,13916.12,494,101.3,1
5611.2,9991.37,561,151.7,1
2199.65,23608.81,415,117.5,1
1870.86,10107.29,473,4.7,1
1976.81,10514.58,846,118.4,0
1700.82,37231.19,628,21.1,1
1565.43,3334.66,644,278.5,0
2169.13,8370.02,479,81.5,1
4821.3,4053.92,637,8.5,1
3399.94,2445.63,441,126.0,0
1731.44,4856.81,505,217.0,0
5099.38,36889.43,838,285.9,0
2896.77,37981.16,721,122.0,1
1345.17,39199.5,537,110.0,1
3949.15,14388.75,607,25.1,0
794.16,39015.45,470,297.7,1
622.92,36956.06,686,12.2,1
4792.52,13620.46,460,11.1,1
2194.14,23884.24,763,4.5,0
3909.31,25721.35,820,205.4,0
2951.0,7882.24,668,80.3,0
5966.58,31027.45,410,254.6,1
983.24,24901.61,540,225.8,0
5916.98,13521.03,458,238.6,1
4320.01,29810.37,502,49.6,1
5983.9,18628.5,389,204.8,1
1520.3,6047.9,632,290.2,0
2119.49,17398.32,478,251.5,0
1149.07,5567.38,391,61.0,1
5943.26,16976.45,816,17.5,1
2106.63,10809.8,316,150.2,1
1864.42,3816.38,849,64.4,0
3489.71,6605.72,357,5.6,1
5361.43,4985.62,544,51.4,0
3499.13,30091.74,567,113.1,1
583.66,34975.13,707,200.5,0
2287.78,11057.35,802,49.3,0
3970.9,17151.6,512,65.3,0
3125.11,36079.75,688,56.0,0
1674.58,14219.72,313,238.9,0
2424.25,25318.73,313,62.2,1
2852.76,29104.02,484,34.7,1
560.7,24349.18,512,253.2,0
3927.56,39559.9,512,211.4,1
5180.26,3440.73,530,41.4,1
1419.0,5194.47,641,88.4,0
4862.54,39476.33,419,283.3,1
2685.96,23061.97,509,60.4,1
1951.96,15517.2,482,242.1,0
3661.04,37726.41,845,148.1,0
1483.82,36483.59,392,233.8,1
2180.66,35425.23,328,94.5,1
4973.51,2117.96,403,119.4,1
2903.4,16903.59,698,37.6,0
5795.53,33462.66,392,206.6,1
2002.12,17457.69,624,288.0,0
1807.24,27949.51,673,107.8,0
3447.12,33084.01,452,114.5,1
4953.22,27363.89,753,222.6,0
4876.24,11954.93,822,200.9,0
1803.06,29013.69,440,231.0,0
1578.54,37757.56,488,47.1,1
2328.77,17660.88,600,249.1,0
2711.47,13061.58,483,273.8,0
1537.01,26037.58,780,203.7,0
1468.89,10488.46,843,10.7,0
4579.59,14079.33,560,171.0,1
2189.24,15550.41,678,139.9,0
5603.35,33683.96,330,281.8,1
3435.75,30062.44,678,165.0,0
683.15,34419.11,400,139.9,0
4456.75,1133.65,526,142.0,0
1494.67,8085.71,849,81.9,0
2779.28,36615.09,407,289.1,1
2899.84,24313.43,748,197.9,0
737.29,37912.76,336,212.2,0
5485.79,16146.88,762,187.9,0
2045.57,8914.41,350,50.8,1
3823.72,26129.86,305,206.2,1
1906.69,9065.31,351,61.4,0
3729.76,11982.78,695,41.3,1
5187.43,17034.86,494,133.0,1
1490.58,30469.38,385,153.5,1
2815.39,22163.44,712,162.7,0
3390.26,23070.22,662,281.3,0
1072.67,19983.26,350,104.8,1
3778.07,38042.16,617,217.1,1
5996.65,39885.04,558,94.0,1
4939.1,20535.42,785,235.8,0
3351.77,22031.15,779,191.6,1
1615.77,1293.93,534,131.5,0
1088.57,30762.97,604,122.7,1
5321.57,28305.65,520,136.3,0
4560.66,3995.2,416,169.0,1
4727.58,6076.87,693,248.8,0
3074.4,3226.53,673,66.7,0
761.87,17768.95,349,93.4,1
3646.48,23139.29,747,219.5,0
3284.03,4083.34,802,117.8,0
744.21,38054.71,526,191.9,1
2623.39,3064.95,474,295.3,0
4067.99,7074.02,417,155.2,0
1235.29,31767.0,733,256.5,0
1988.04,26511.92,407,6.3,1
1735.04,34122.95,769,195.6,0
4568.31,36389.79,485,195.4,1
2622.79,39352.76,409,160.8,1
4029.0,24717.2,848,24.5,1
2696.61,23404.19,771,74.4,0
2855.81,1583.15,493,179.0,0
1179.19,19472.45,425,10.4,1
2857.3,11971.01,674,154.3,0
5991.47,3412.27,634,166.5,0
4635.46,25187.36,756,296.5,0
4308.55,2766.33,636,291.5,0
4939.89,25570.05,524,174.7,1
848.85,38560.01,533,273.0,1
4899.19,17256.05,468,184.5,1
4871.8,26568.14,421,170.9,1
4129.16,1365.27,491,116.2,1
5529.1,14871.1,678,232.2,0
847.47,5305.04,847,48.3,0
993.74,10904.27,781,55.6,0
5568.33,1968.08,413,195.7,1
2757.96,20177.2,733,223.5,0
5699.28,31314.56,370,25.5,1
3117.68,29535.5,785,297.7,0
2886.99,39374.97,447,238.0,1
4936.11,36161.54,566,65.2,1
3056.19,28569.11,381,229.0,1
1479.89,30648.86,576,47.4,1
2861.42,23724.92,827,234.5,0
1640.27,1691.97,776,88.0,0
5474.16,30839.5,513,59.5,1
5186.68,24951.29,352,112.0,1
1190.11,37397.48,636,175.0,0
2402.09,8268.44,698,176.1,0
4966.94,37344.24,798,105.5,1
629.82,7342.43,716,222.3,0
517.54,3507.87,789,143.1,0
1519.99,25680.44,707,131.7,0
5619.91,13642.58,503,204.2,0
3148.09,21773.42,836,214.1,0
1461.54,15712.72,453,292.5,0
1673.71,8039.52,557,19.5,0
1248.12,34419.92,643,288.6,0
3653.73,32296.09,632,65.0,1
1608.21,12166.11,676,36.6,1
3909.14,14025.79,615,199.8,1
5875.89,30863.0,370,72.6,1
3905.44,18779.23,746,195.0,0
1795.33,28315.92,685,134.9,1
1402.19,36769.97,379,291.8,1
2050.09,33640.6,659,230.8,0
3142.46,24306.67,426,135.6,1
1671.36,31731.56,583,201.5,0
539.56,8232.34,552,13.8,0
4850.2,33876.83,399,156.8,1
3584.21,10706.47,523,245.6,1
4496.9,17495.83,464,151.4,1
2678.41,24747.17,707,126.5,1
1748.34,13657.46,329,77.0,1
3842.82,33245.81,475,138.1,1
2793.15,24179.62,315,234.0,1
2044.06,38038.84,650,214.1,0
5183.35,11879.64,804,40.2,0
5840.7,28315.63,594,98.2,1
4810.93,7007.98,809,118.8,0
5435.16,7690.51,633,122.3,1
3764.0,21109.16,753,288.7,0
1876.9,36134.97,577,242.9,0
5151.5,19420.1,774,78.3,1
